timestamp_utc,user_name,user_deck,run_result,oppo_deck,result,comments
2026-06-18 06:20:31 UTC,Sir David,Tempo,7-0,Energy,2-0,
2026-06-18 06:20:31 UTC,Sir David,Tempo,7-0,Energy,2-0,
2026-06-18 06:20:31 UTC,Sir David,Tempo,7-0,Energy,2-0,
2026-06-18 06:20:31 UTC,Sir David,Tempo,7-0,Energy,2-0,
2026-06-18 06:20:31 UTC,Sir David,Tempo,7-0,Energy,2-0,
2026-06-18 06:20:31 UTC,Sir David,Tempo,7-0,Energy,2-0,
2026-06-18 06:20:31 UTC,Sir David,Tempo,7-0,Energy,2-0,
2026-06-18 06:20:31 UTC,Sir David,Tempo,5-1,Energy,2-0,
2026-06-18 06:20:31 UTC,Sir David,Tempo,5-1,Energy,2-0,
2026-06-18 06:20:31 UTC,Sir David,Tempo,5-1,Energy,2-0,
2026-06-18 06:20:31 UTC,Sir David,Tempo,5-1,Energy,2-0,
2026-06-18 06:20:31 UTC,Sir David,Tempo,5-1,Energy,2-0,
2026-06-18 06:20:31 UTC,Sir David,Tempo,5-1,Energy,1-2,
